CusId,CusName,CusContactInfo,CusEmail
1,Carson Underwood,1-559-235-1488,facilisis.non.bibendum@google.ca
2,Buffy Cannon,1-754-837-7188,porttitor.tellus@protonmail.com
3,Ryan Blair,1-340-153-0004,malesuada.vel@google.org
4,Emerson Smith,1-841-324-3518,ac.libero@protonmail.couk
5,Rina Dyer,1-552-325-8321,et.libero.proin@outlook.couk
6,Patience Henson,1-830-811-3820,mattis.ornare@icloud.org
7,Price Kemp,1-354-510-2972,tellus.non@hotmail.org
8,Lenore Pacheco,1-225-486-4317,cursus@hotmail.ca
9,Malcolm Greer,1-321-681-9654,etiam@google.edu
10,Driscoll Medina,1-364-718-6803,fringilla.porttitor@hotmail.ca
11,Brett Guthrie,1-505-361-9689,orci.in@icloud.edu
12,Genevieve Snyder,1-398-950-6917,nec.leo@aol.ca
13,MacKenzie Crosby,1-225-305-5894,hendrerit.id@google.com
14,Edan Key,1-942-931-3143,parturient@icloud.ca
15,Nyssa Maynard,1-666-785-7844,quis.diam.luctus@hotmail.ca
16,Ann Lindsay,1-428-135-0375,ac.turpis@outlook.ca
17,Kieran Britt,1-477-277-1949,in.scelerisque.scelerisque@protonmail.ca
18,Harriet Hanson,1-728-239-4336,nec.cursus@icloud.edu
19,Ira Landry,1-241-738-6562,ut.quam.vel@aol.edu
20,Curran Wilkinson,1-474-440-6106,velit.eu@yahoo.org
21,Imelda Garner,1-628-155-3738,donec.at.arcu@icloud.edu
22,Irene Fuller,1-387-581-5482,enim@hotmail.ca
23,Kuame Head,1-686-364-7536,habitant.morbi.tristique@icloud.ca
24,Barclay Ingram,1-750-932-0350,semper@hotmail.ca
25,Ezekiel Ingram,1-687-237-2464,semper.rutrum@protonmail.net
26,Guy Campos,1-704-156-8964,non.ante@outlook.net
27,Camille Beasley,1-927-872-4676,neque.non.quam@protonmail.net
28,Yael Shields,1-901-823-1320,urna.convallis@yahoo.com
29,Upton Reid,1-813-472-4236,dictum@google.org
30,Indira Beard,1-754-645-6187,cras.eget@protonmail.net
31,Jolie Finch,1-328-479-4188,consequat.nec@aol.ca
32,Dale Waller,1-723-850-8276,pellentesque.tincidunt.tempus@icloud.edu
33,Hayden Alford,1-836-280-4621,fringilla.porttitor.vulputate@yahoo.ca
34,Fletcher Stephenson,1-646-757-7179,ipsum.suspendisse.sagittis@protonmail.com
35,Tucker Gentry,1-282-524-7773,libero.lacus@hotmail.net
36,Andrew White,1-292-567-5098,eget.volutpat@protonmail.net
37,Malcolm Singleton,1-579-438-5748,dolor.tempus@icloud.couk
38,Quinn Cobb,1-675-663-2323,tincidunt.neque@outlook.com
39,Nerea Norman,1-236-596-5425,orci.adipiscing@outlook.ca
40,Joelle Campbell,1-411-358-9382,sem.mollis@outlook.com
41,Matthew Vincent,1-415-700-3688,augue.ut@yahoo.edu
42,Nina Brady,1-462-359-8480,risus.duis.a@google.couk
43,Hanna Reilly,1-588-295-4329,quisque@aol.net
44,Ava Horne,1-989-544-6275,mauris.vestibulum@google.ca
45,Winter Mendoza,1-781-602-0842,diam.dictum@hotmail.edu
46,Anika Ware,1-763-325-3816,vestibulum.nec@aol.net
47,Tanisha Levine,1-658-805-4560,risus.morbi@icloud.ca
48,Emi Coffey,1-719-674-5102,malesuada.fames@aol.net
49,Mona Sexton,1-174-786-4279,nam.interdum.enim@outlook.couk
50,Alma Weaver,1-647-494-4781,eget.metus@google.net
51,Byron Le,1-737-651-8621,sociosqu@aol.org
52,Candace Wilder,1-418-352-8329,dolor@outlook.ca
53,Olivia Byers,1-508-413-9764,nulla.eget@hotmail.net
54,Harper Villarreal,1-634-363-9689,aenean@outlook.net
55,Geraldine Walker,1-442-348-7137,per@protonmail.edu
56,Chandler Morrison,1-278-828-3664,enim.nisl@outlook.edu
57,Erich Whitehead,1-670-487-6195,mi.tempor@protonmail.org
58,Elmo Noble,1-895-799-5557,ad.litora.torquent@protonmail.com
59,Vielka Harper,1-754-686-8207,varius@hotmail.couk
60,Keaton Perez,1-714-242-3566,donec.felis@icloud.couk
61,Kadeem Dixon,1-847-771-3326,tincidunt.orci.quis@hotmail.com
62,Karyn Wooten,1-487-308-3625,amet.consectetuer.adipiscing@icloud.ca
63,Buffy Humphrey,1-889-712-1013,in.nec@aol.edu
64,Blossom Macias,1-386-878-7416,magna.sed@protonmail.ca
65,Ray Gutierrez,1-618-574-6440,nunc.sed@protonmail.couk
66,William Osborne,1-461-197-4402,elit.dictum.eu@aol.org
67,Talon Pace,1-273-201-5508,commodo@hotmail.couk
68,Jermaine Best,1-404-126-7705,natoque@aol.com
69,Davis Strong,1-843-164-5375,luctus.aliquet@protonmail.net
70,Griffin Gonzales,1-455-768-5145,eleifend.nunc@google.com
71,Amena Le,1-643-486-8410,vitae.dolor@aol.edu
72,Mallory Odom,1-427-766-2986,nisi.dictum.augue@hotmail.ca
73,Adena Wallace,1-758-188-0544,tellus.phasellus@outlook.couk
74,Martina Clayton,1-572-631-2729,purus@protonmail.net
75,Lars Leon,1-213-617-1838,sit.amet@outlook.com
76,Oprah Stevenson,1-219-394-9163,amet.consectetuer@yahoo.ca
77,Constance Lloyd,1-883-672-5788,rhoncus.proin@outlook.org
78,Edan Clemons,1-403-201-6588,arcu.sed@outlook.com
79,Benedict Ware,1-243-246-3176,a@outlook.ca
80,Denton Mills,1-779-808-3642,phasellus.dolor.elit@google.org
81,Tanner Buck,1-746-117-7113,nec.euismod@yahoo.org
82,Chiquita Maddox,1-710-389-5623,convallis.dolor@protonmail.edu
83,Hedley Franks,1-793-270-8889,velit.dui.semper@google.ca
84,Eve Larsen,1-289-385-7767,mus.proin@google.couk
85,Aiko Love,1-367-861-9880,orci@icloud.edu
86,Veronica Tran,1-166-234-3648,urna.convallis@google.com
87,Hadassah Brown,1-615-774-6254,arcu.vestibulum.ut@yahoo.couk
88,Chloe Dean,1-532-637-1733,sit@yahoo.org
89,Mufutau Mcdowell,1-774-541-9398,feugiat.placerat.velit@yahoo.com
90,Dieter Watson,1-812-425-1018,egestas@icloud.org
91,Chadwick Waller,1-152-572-5766,eget.ipsum@google.couk
92,Daryl Byrd,1-670-856-6782,ullamcorper.velit.in@icloud.edu
93,Aimee Dalton,1-203-563-3863,sodales@hotmail.ca
94,Thane Serrano,1-821-867-1073,rutrum.justo.praesent@protonmail.com
95,Dean Pacheco,1-547-731-4773,purus.nullam@outlook.couk
96,Kylan Reynolds,1-867-732-3891,curabitur.dictum@aol.edu
97,Ori Rivera,1-468-837-7053,nec.enim@yahoo.couk
98,Evan Banks,1-787-707-4181,aliquam.fringilla.cursus@yahoo.edu
99,Vernon Schultz,1-817-730-4454,nullam.ut@yahoo.com
100,Aaron Medina,1-394-631-7224,nulla.interdum.curabitur@protonmail.couk
101,Joel Zamora,1-466-576-6682,nam@protonmail.edu
102,Jasmine Becker,1-151-619-1674,nisl.elementum.purus@yahoo.com
103,Cooper Mcknight,1-585-812-6538,dictum.sapien.aenean@icloud.net
104,Alisa Dawson,1-175-746-7224,auctor.quis.tristique@google.com
105,Wesley Hogan,1-309-244-0764,lectus.justo.eu@yahoo.org
106,Diana Rasmussen,1-535-428-9511,sollicitudin@aol.ca
107,Sylvia Huffman,1-636-527-9835,semper.nam@hotmail.ca
108,Craig Mckay,1-933-981-2774,netus.et@protonmail.net
109,Mannix Odom,1-890-878-5266,sit.amet@google.couk
110,Trevor Vinson,1-842-564-5068,malesuada.fames@yahoo.net
111,Quentin Sears,1-838-721-4785,sed.et.libero@yahoo.net
112,Zia Malone,1-738-461-6823,amet.faucibus.ut@hotmail.couk
113,Aidan Rose,1-760-237-4761,ut.ipsum.ac@yahoo.edu
114,Mollie Waller,1-354-685-6138,lorem@yahoo.com
115,Wynne Holder,1-569-712-1643,mollis@outlook.org
116,Cruz Moody,1-701-347-9951,nisi.cum@hotmail.org
117,Bernard Morrow,1-918-752-8825,nec.urna@icloud.com
118,Autumn Roach,1-961-655-8231,nulla@hotmail.org
119,Angela Clark,1-967-781-4514,amet.risus.donec@aol.couk
120,Diana Bates,1-746-444-7614,feugiat@hotmail.org
121,Cailin Hudson,1-913-277-6953,sagittis.semper.nam@icloud.ca
122,Nolan Allen,1-261-652-6943,scelerisque.sed@yahoo.net
123,Buckminster Flores,1-571-220-2118,praesent.interdum@google.com
124,Nero Sharp,1-844-606-7428,amet.dapibus.id@outlook.org
125,Axel Mccullough,1-875-942-8009,lorem.vehicula@yahoo.org
126,Charlotte Barber,1-525-178-5289,pretium.aliquet@google.com
127,Catherine Bullock,1-341-974-6865,magna.praesent.interdum@yahoo.couk
128,Conan Gould,1-647-338-5753,pellentesque.tincidunt@outlook.ca
129,Madison Schultz,1-735-803-0325,suspendisse.ac.metus@icloud.ca
130,Brent Meyers,1-258-884-5472,neque.pellentesque@icloud.edu
131,Kimberley Byers,1-735-617-9582,sit.amet.faucibus@hotmail.edu
132,Geoffrey Richards,1-843-377-2051,dictum.cursus@icloud.org
133,Shellie Anderson,1-565-251-5411,commodo.at.libero@google.edu
134,Kato Sampson,1-137-461-2327,blandit.viverra.donec@yahoo.com
135,Zephr Ingram,1-457-206-9716,ornare.tortor@icloud.edu
136,Peter Woodward,1-424-522-2680,integer.tincidunt@icloud.org
137,Maya Wheeler,1-462-220-4496,etiam.laoreet@yahoo.ca
138,Carissa Stanton,1-115-587-2048,in@icloud.com
139,Davis Roy,1-742-471-4422,a.sollicitudin.orci@protonmail.org
140,Veronica Melton,1-210-529-9008,nec.diam@google.edu
141,Lamar Raymond,1-847-177-8601,consequat.nec.mollis@google.org
142,Blake Morgan,1-614-377-5972,diam.sed@google.org
143,April Sharpe,1-233-728-6738,consequat@protonmail.net
144,Declan Rhodes,1-784-394-6725,massa.vestibulum@icloud.edu
145,Dominique Carney,1-826-846-3288,magna.praesent@protonmail.com
146,Craig Vinson,1-520-713-8575,molestie.pharetra@google.edu
147,Fiona Harmon,1-954-132-9852,proin.eget.odio@yahoo.org
148,Rebekah Tanner,1-538-764-7745,arcu.morbi@yahoo.com
149,Norman Byrd,1-561-752-6711,magna.a@icloud.ca
150,Iris Boone,1-401-636-2249,phasellus.nulla@outlook.com
151,Odysseus Daniels,1-456-457-5842,phasellus.ornare@yahoo.couk
152,Walter Paul,1-434-548-4886,egestas.sed@outlook.couk
153,Bruce Sykes,1-843-577-4587,nibh.phasellus.nulla@protonmail.org
154,Chancellor Miranda,1-448-267-8654,ultricies@hotmail.net
155,Ebony Bonner,1-362-225-7551,augue.sed@google.net
156,Cally Randolph,1-931-619-8870,leo.morbi@outlook.net
157,Alan Chambers,1-445-770-0853,curae.donec@aol.edu
158,Davis Goff,1-854-608-2246,porta@hotmail.edu
159,Michael Collins,1-270-711-8288,ipsum.cursus@google.com
160,Bethany Michael,1-488-221-1062,non.sollicitudin@google.couk
161,Winifred Kline,1-617-587-8948,nec@yahoo.edu
162,Ferris Butler,1-822-368-6715,morbi.neque@hotmail.couk
163,Iliana Jenkins,1-637-781-2260,eu.eleifend@aol.ca
164,Isadora Bailey,1-856-617-7104,proin.sed@icloud.ca
165,Keefe Howe,1-249-926-9314,a@aol.org
166,Clinton Cline,1-363-376-2867,magnis.dis@icloud.ca
167,Jackson Page,1-505-432-4862,litora.torquent@outlook.net
168,Maris Leach,1-282-313-7522,nulla.facilisis@aol.edu
169,Anjolie Talley,1-738-879-7722,morbi@hotmail.edu
170,Ivory Randall,1-853-916-8716,amet.ante@hotmail.org
171,Candice Clark,1-245-275-7137,lorem.donec@google.ca
172,Yvette Snow,1-316-478-7677,tempus.lorem@hotmail.com
173,Brittany Stone,1-398-649-7514,duis@yahoo.ca
174,Adele Lloyd,1-438-675-5585,quisque.ac.libero@protonmail.ca
175,Fitzgerald Gibson,1-233-535-8770,arcu.eu@yahoo.couk
176,Dustin Christian,1-744-109-2985,non.quam@hotmail.net
177,Yardley Munoz,1-551-416-7265,nec.ante@icloud.edu
178,Kylan Lewis,1-896-726-2282,nulla.dignissim@yahoo.com
179,Reagan Meyers,1-437-555-4253,cras.dictum@icloud.ca
180,Thaddeus Franks,1-241-898-2770,aliquet.magna@google.org
181,Griffin Vance,1-271-678-7249,congue.in@yahoo.com
182,Jolie Aguilar,1-627-485-1776,sit.amet@icloud.org
183,Jolene Walter,1-816-832-6552,sed@hotmail.net
184,Myra Cooley,1-377-868-4353,ante@icloud.edu
185,Madison Reid,1-267-129-1835,dolor.sit@google.org
186,Echo Albert,1-595-254-3881,dolor.sit@hotmail.couk
187,Chaim Hebert,1-588-684-6763,eu.augue@yahoo.org
188,Norman Sheppard,1-482-470-7537,nibh.aliquam@aol.ca
189,Jennifer Mckee,1-888-651-2736,lacus@yahoo.net
190,John Dalton,1-276-333-5535,dictum.augue.malesuada@hotmail.net
191,Ashely Duke,1-465-957-7472,mi.fringilla@outlook.edu
192,Halee Mills,1-864-833-4711,accumsan.neque.et@yahoo.net
193,Nelle Sanders,1-487-827-2152,sagittis.semper@hotmail.net
194,Axel Weber,1-487-189-3633,sed@outlook.couk
195,Larissa Taylor,1-728-639-8387,tristique.senectus@hotmail.ca
196,Dustin Chan,1-987-714-7387,fusce.mi@icloud.org
197,Anika O'connor,1-654-229-2266,sed@outlook.com
198,Ursa Terry,1-971-886-4414,pede.ultrices@outlook.com
199,Samantha Mosley,1-899-778-2652,id.mollis.nec@icloud.org
200,Dane Sweet,1-354-234-1238,ipsum.dolor@icloud.com
201,Yuli Boyer,1-900-234-2833,montes@icloud.ca
202,Chandler Collier,1-525-574-2085,nostra.per@google.ca
203,Allegra Mckinney,1-252-587-1747,odio.auctor.vitae@aol.com
204,Alfonso Olson,1-850-817-9317,mollis.nec@google.ca
205,Lester Hancock,1-556-425-2661,felis.nulla@google.couk
206,George Mcintyre,1-548-666-8358,montes.nascetur@hotmail.org
207,Hilel Cleveland,1-887-502-2635,et.libero@yahoo.ca
208,Vivien Barry,1-478-871-4225,eu.dui@google.net
209,James Phillips,1-662-888-5115,interdum.ligula.eu@icloud.edu
210,Chester Matthews,1-217-186-4811,turpis.nec.mauris@yahoo.ca
211,Xander Nichols,1-570-456-9244,lobortis.quam@outlook.couk
212,Madeline Harrell,1-155-321-7644,condimentum.eget.volutpat@protonmail.org
213,Nichole Bradley,1-197-735-1033,posuere.at@protonmail.couk
214,Justine Figueroa,1-996-820-8903,lacus.ut.nec@yahoo.ca
215,Winter Alford,1-774-136-2143,lacus.ut.nec@protonmail.edu
216,Macon Butler,1-203-847-5887,erat@aol.edu
217,Madison Ray,1-148-678-7111,nulla.eu@yahoo.net
218,Imani Huff,1-220-832-9936,metus.aliquam@yahoo.org
219,Wade Cain,1-272-778-2168,sed.pede.nec@hotmail.edu
220,Chester Dodson,1-347-483-3378,ultricies.ligula@aol.com
221,Marvin Cochran,1-386-615-3250,in.faucibus@google.edu
222,Sandra Harris,1-161-481-3615,orci.luctus@protonmail.couk
223,Joel Walter,1-863-641-4469,lacinia.at.iaculis@aol.couk
224,Kylan Duke,1-480-624-3142,euismod@aol.ca
225,Carlos Ashley,1-315-712-2532,at.fringilla@protonmail.couk
226,Alan Sherman,1-634-253-0082,donec.est@aol.com
227,Alika Craft,1-232-247-4150,nisl.arcu.iaculis@hotmail.org
228,Dane Wilder,1-452-316-5914,turpis.nulla@google.ca
229,Dustin Roberson,1-570-891-3389,pellentesque@aol.org
230,Calvin Mccarthy,1-356-468-4811,phasellus@outlook.ca
231,Orla Rhodes,1-859-633-4243,sem@hotmail.couk
232,Devin Burris,1-982-245-9219,duis@hotmail.couk
233,Thor Shields,1-358-917-4716,fringilla@hotmail.edu
234,Ulysses Mcclain,1-415-650-5588,convallis@google.org
235,Oren Stephens,1-636-857-7060,feugiat.non.lobortis@outlook.com
236,Carter Justice,1-314-756-2008,aliquet.molestie.tellus@aol.couk
237,Olivia Henderson,1-968-172-3861,vehicula.et.rutrum@aol.couk
238,Abdul Mcintyre,1-676-393-4216,ut@hotmail.org
239,Adrian Bernard,1-421-637-0835,a.malesuada@aol.ca
240,Ivory Morrison,1-398-460-6789,suspendisse.aliquet@icloud.ca
241,Tashya Stanley,1-581-314-1124,orci.quis@aol.com
242,Hamilton Newton,1-523-287-6274,id.mollis.nec@google.ca
243,Karyn Spencer,1-366-854-1186,aliquam.auctor@outlook.com
244,Mikayla Nash,1-678-882-2726,euismod.enim@icloud.ca
245,Avye Maddox,1-865-566-8299,enim.etiam@outlook.edu
246,Alisa Mcneil,1-826-586-3423,nunc.ac@hotmail.com
247,Joel Murphy,1-261-748-2351,ipsum.phasellus@yahoo.ca
248,Aurelia Schultz,1-192-326-8962,malesuada.malesuada@hotmail.net
249,Jaquelyn Cardenas,1-645-381-6546,id.mollis@outlook.couk
250,Ciara Henry,1-684-779-5281,dolor@aol.org
251,Deborah Compton,1-302-361-8416,odio.nam@icloud.org
252,Lavinia Merritt,1-280-182-5488,neque.nullam@protonmail.couk
253,Fitzgerald Franklin,1-682-675-6378,augue.ac@google.ca
254,Kyla Hooper,1-282-605-3862,lorem@outlook.ca
255,Meghan Hoffman,1-627-345-5927,faucibus.leo@google.net
256,Jason Mcintyre,1-166-121-7113,duis.dignissim.tempor@yahoo.net
257,Jamalia Acevedo,1-571-245-2741,donec.at@protonmail.ca
258,Kristen Mccarty,1-864-651-2216,nunc@aol.couk
259,Tyrone Cortez,1-270-692-1448,ad.litora.torquent@outlook.ca
260,Isadora Brooks,1-812-331-7450,odio@outlook.edu
261,Derek Nunez,1-488-435-5244,molestie.dapibus.ligula@yahoo.net
262,Jack Rosales,1-389-693-5492,non@aol.ca
263,Keefe Bennett,1-336-653-0458,gravida@hotmail.couk
264,Ahmed Aguilar,1-545-462-8704,aliquam@yahoo.net
265,Margaret Ratliff,1-720-463-8688,porttitor@yahoo.org
266,Keane Terry,1-752-684-3720,et.nunc.quisque@google.org
267,Erin Briggs,1-594-783-4924,fermentum.vel@protonmail.net
268,Signe Walls,1-374-323-8668,elementum@google.com
269,Finn Willis,1-673-333-2428,leo.in.lobortis@icloud.net
270,Catherine Sandoval,1-457-225-5245,feugiat.sed.nec@protonmail.com
271,Serena Nieves,1-431-327-1705,non@google.com
272,Gregory Jacobson,1-323-276-2117,a.mi@outlook.ca
273,Quynn Mason,1-755-172-3160,dignissim.lacus@google.com
274,Edward Figueroa,1-243-263-8290,ante.lectus@icloud.com
275,Darrel Dejesus,1-394-678-4212,a.magna@aol.edu
276,Debra Sellers,1-729-293-1395,risus.at@icloud.net
277,Xanthus Hodge,1-711-690-4644,pellentesque.tellus@icloud.edu
278,Stuart Contreras,1-448-752-1877,magna.duis@protonmail.ca
279,Keiko Strong,1-921-289-7534,amet.consectetuer@google.net
280,Deborah Leon,1-812-247-6387,et@protonmail.edu
281,George Beach,1-654-375-4895,ac.mi@outlook.org
282,Austin Walter,1-880-865-4434,malesuada.id.erat@google.net
283,Erich Burgess,1-483-805-5867,suspendisse@icloud.com
284,Candace Woodard,1-843-383-2110,viverra.donec@protonmail.net
285,Halee Mcmillan,1-446-748-3341,sed.pede@icloud.net
286,Elijah Ortiz,1-824-253-7254,in.dolor@google.org
287,Brent Rogers,1-469-562-0770,nisl.maecenas@protonmail.couk
288,Plato Holman,1-721-248-5654,nascetur@protonmail.edu
289,Alexandra Watkins,1-207-968-8241,nulla@outlook.com
290,Bert Rivera,1-427-304-3540,integer.eu@protonmail.org
291,Dieter Brock,1-864-463-0681,et.pede.nunc@protonmail.net
292,Maia Mcclain,1-997-412-5471,a.facilisis@yahoo.ca
293,Shad Roberson,1-816-526-5086,aliquet@icloud.edu
294,Elton Macdonald,1-524-658-4647,consequat@icloud.couk
295,Hilda Barry,1-334-464-2847,quis.arcu.vel@outlook.com
296,Dora Small,1-520-216-1825,morbi@aol.couk
297,Isaiah Carpenter,1-374-638-0917,dapibus.ligula@hotmail.com
298,Quinn Bullock,1-256-365-7132,fusce.aliquet@outlook.net
299,Ivor Myers,1-684-133-5562,dolor@outlook.com
300,Alvin Cunningham,1-839-556-2349,pharetra.felis@yahoo.com
301,Willow Jones,1-684-564-1651,mi.fringilla@aol.ca
302,Celeste Byers,1-315-968-7117,sem.ut@icloud.org
303,Adrienne Valdez,1-786-864-8968,massa.integer@outlook.net
304,Gareth Lynch,1-215-183-5193,cursus@yahoo.ca
305,Orlando Benson,1-481-799-4172,aliquet.phasellus.fermentum@protonmail.edu
306,Valentine Mckay,1-253-697-9997,hendrerit@yahoo.com
307,Walter Lynch,1-740-266-2688,praesent@google.org
308,Nehru Shepherd,1-527-478-1497,mollis@google.org
309,Caryn Dean,1-551-667-3292,libero.lacus@outlook.couk
310,Charles Dudley,1-596-403-0706,tempus.risus@yahoo.com
311,Xander Blevins,1-873-723-6477,arcu.vestibulum@outlook.com
312,Stewart Jimenez,1-766-171-9368,taciti@google.edu
313,Sandra Kemp,1-272-826-1783,donec.tempor@protonmail.ca
314,Drake Bryant,1-224-131-3281,sit.amet.consectetuer@outlook.edu
315,Stuart Roy,1-888-567-1353,velit@icloud.com
316,Melissa Wise,1-545-222-0350,magnis@aol.com
317,Karyn Bird,1-185-239-4668,nostra@google.ca
318,Jena English,1-677-738-3494,blandit@icloud.org
319,Odysseus Downs,1-624-611-4626,pellentesque.a@hotmail.ca
320,Dora Henderson,1-928-491-1250,tortor.nibh@aol.org
321,Darryl Molina,1-158-661-4247,sit.amet@yahoo.org
322,Mary Fletcher,1-737-451-3177,donec@google.couk
323,Tanner Horton,1-782-223-0486,viverra@yahoo.com
324,Ivory Coffey,1-219-777-1322,et.magnis@yahoo.com
325,Germaine Sheppard,1-561-773-3358,tincidunt.vehicula@aol.net
326,Hedley Payne,1-878-837-5876,auctor.nunc.nulla@aol.com
327,Amos Bonner,1-458-484-8649,ipsum.sodales.purus@aol.org
328,Upton Slater,1-817-287-7953,hendrerit.donec.porttitor@yahoo.com
329,Stephanie Cross,1-134-203-6018,auctor.quis@yahoo.edu
330,Shaeleigh Henry,1-417-481-7625,tristique.aliquet.phasellus@protonmail.ca
331,Iola Shaffer,1-656-266-8622,a@protonmail.net
332,Maggie Baird,1-102-353-3034,elit.a@protonmail.ca
333,Iliana Bartlett,1-564-286-2772,nunc.ut.erat@yahoo.edu
334,Kennan Watts,1-487-571-4041,vulputate.ullamcorper@aol.net
335,Jordan Stout,1-581-654-3634,tristique@protonmail.net
336,Ashely Avery,1-633-827-8417,mauris.morbi.non@outlook.com
337,Sybil Ferrell,1-484-235-8449,imperdiet.ullamcorper@aol.ca
338,Hayley Benson,1-257-373-3216,lorem.ac@google.com
339,Burke Hensley,1-278-877-8387,ut.tincidunt@hotmail.org
340,Thane Grimes,1-395-231-4263,malesuada.fames@google.couk
341,Nolan Joyner,1-661-555-9871,eget@google.com
342,Scarlett Salas,1-412-256-2844,ipsum.primis.in@protonmail.ca
343,Rhona Harper,1-199-753-1640,est.nunc@google.edu
344,Acton Orr,1-236-361-8522,ipsum.dolor.sit@outlook.com
345,Rigel Cobb,1-756-883-4728,massa.non.ante@aol.com
346,Clark Atkinson,1-762-123-8224,mauris@outlook.couk
347,Stewart Marks,1-351-458-4787,ac@hotmail.org
348,Rahim Stevenson,1-275-628-1834,vitae@outlook.com
349,Yetta Valdez,1-632-973-7052,praesent.eu@icloud.edu
350,Hanae Edwards,1-890-153-9981,dapibus@google.couk
351,Scott Briggs,1-784-615-3391,fusce.aliquet@aol.com
352,Athena Reynolds,1-148-413-1864,nibh.donec.est@yahoo.couk
353,Mia Allen,1-335-897-7588,tortor@aol.couk
354,Mason Tillman,1-126-483-2721,sociosqu.ad@protonmail.couk
355,Barrett Ware,1-439-436-3160,libero.donec@outlook.org
356,Lance Snider,1-634-215-5457,metus.urna@aol.ca
357,Odessa Thompson,1-633-977-2444,libero.est.congue@google.edu
358,Aspen Le,1-836-528-5223,mauris.nulla.integer@yahoo.net
359,Dale Chan,1-311-372-7189,odio.nam@google.net
360,Wylie Acevedo,1-798-842-2295,purus.nullam.scelerisque@icloud.com
361,Alexis Valdez,1-311-926-9700,dapibus.gravida@protonmail.com
362,Aspen Leonard,1-147-786-8582,tincidunt.dui@yahoo.couk
363,Jescie Byrd,1-615-222-8281,placerat.cras.dictum@google.net
364,Lacey Calhoun,1-136-833-4706,condimentum@icloud.org
365,Colette Barton,1-147-272-8228,non.lorem.vitae@aol.com
366,Craig Powers,1-623-552-6575,nulla.at.sem@google.couk
367,Ivor Luna,1-674-411-3547,euismod.enim@aol.org
368,Summer Pruitt,1-978-562-9762,tempus.eu@aol.ca
369,Gemma Vang,1-503-383-2066,enim.mauris@icloud.net
370,Diana Finley,1-985-531-4765,ornare.elit@yahoo.ca
371,Stephen Grimes,1-621-454-1041,et.risus.quisque@hotmail.edu
372,Rhiannon Hubbard,1-268-762-2115,integer.urna@yahoo.couk
373,Moses Shannon,1-725-387-7822,suspendisse@icloud.com
374,Octavius Delacruz,1-465-304-6714,enim.non@icloud.net
375,Gabriel Alston,1-655-582-6622,amet.luctus@aol.edu
376,Donovan Dunn,1-885-191-6726,ullamcorper.eu@yahoo.org
377,Kelsie Hahn,1-362-891-3874,ut.nec@protonmail.couk
378,Chaney Wright,1-798-292-5096,nulla.donec@protonmail.org
379,Mark Clay,1-877-918-3754,viverra.maecenas@aol.net
380,Vladimir Guthrie,1-747-383-7313,gravida.molestie@icloud.couk
381,Odessa Boyd,1-653-589-0133,velit@icloud.net
382,Patrick Pate,1-708-862-6372,imperdiet.dictum@aol.ca
383,Alden Johnson,1-262-311-3331,dictum.augue@protonmail.net
384,Keely Sullivan,1-866-137-5630,quis.lectus.nullam@aol.net
385,Virginia Flores,1-245-247-5808,morbi.non@protonmail.edu
386,Deanna Franco,1-627-654-7328,mi.pede@hotmail.couk
387,Wayne Cannon,1-758-283-4419,et@protonmail.ca
388,Kelly Fowler,1-544-881-2674,sodales.elit@yahoo.com
389,Leroy Erickson,1-981-446-7364,pede@google.edu
390,Jordan Wiggins,1-578-806-1513,semper@hotmail.couk
391,Allen Wynn,1-462-888-5352,vulputate@aol.org
392,Ayanna Whitfield,1-373-428-1357,mollis.duis.sit@google.org
393,Ariel Craft,1-852-214-1882,venenatis@outlook.ca
394,Justina Shelton,1-471-784-9373,etiam.gravida@google.com
395,Martha Branch,1-679-574-5378,tortor.nibh.sit@hotmail.edu
396,Kelsie Delaney,1-618-851-5439,eget.laoreet@aol.ca
397,Patience Medina,1-165-364-0766,integer@protonmail.ca
398,Jessamine Pope,1-367-351-2448,auctor.odio@aol.edu
399,Slade Frederick,1-358-587-9717,velit.eu.sem@outlook.org
400,Genevieve Pacheco,1-628-429-3882,mauris.blandit.enim@protonmail.net
