OwnerId,OwnerName,OwnerContactInfo,OwnerEmail,VenId
1,Mikayla Tran,1-927-752-9033,eget@icloud.org,1
2,Harrison Watkins,1-324-765-5848,in@protonmail.com,2
3,Alden Middleton,1-467-727-1335,a@yahoo.org,3
4,Amela Klein,1-522-658-3152,in.consectetuer.ipsum@aol.org,4
5,Sybil Fulton,1-545-286-0426,sit@aol.ca,5
6,Iona Simpson,1-449-501-9457,porta.elit.a@aol.net,6
7,Cullen Daniel,1-316-582-3612,nec.ligula@yahoo.com,7
8,Erin Rhodes,1-955-925-3499,suspendisse.eleifend@outlook.couk,8
9,Russell Crawford,1-226-474-2394,dolor.tempus.non@outlook.edu,9
10,Honorato House,1-290-839-0680,a@hotmail.net,10
11,Darius Bradley,1-711-159-2224,enim@google.ca,11
12,Fitzgerald Hudson,1-783-732-8363,consectetuer.ipsum.nunc@hotmail.edu,12
13,Rana Kent,1-408-104-4640,amet@outlook.edu,13
14,Stephanie Hutchinson,1-663-771-3611,vel.nisl.quisque@yahoo.ca,14
15,Jared Quinn,1-342-669-0537,orci.sem@yahoo.net,15
16,Anastasia Bowers,1-454-958-9602,adipiscing.enim@google.ca,16
17,Francis Best,1-631-428-6412,tincidunt.adipiscing@google.net,17
18,Isabelle Blevins,1-380-821-7686,lorem.ipsum@protonmail.net,18
19,Iris Vincent,1-451-449-6294,cursus.luctus.ipsum@aol.net,19
20,Erasmus Knight,1-360-220-3355,aenean.gravida@protonmail.ca,20
21,Ignatius Bray,1-664-189-3946,id.libero.donec@hotmail.edu,21
22,Shelby Lindsay,1-541-904-5360,euismod@aol.couk,22
23,Ann Stafford,1-871-597-8457,a.magna.lorem@aol.com,23
24,Judah Mcfarland,1-375-477-8161,at.velit@outlook.com,24
25,Margaret Joyce,1-630-111-2313,elit@aol.couk,25
26,Gay Hurley,1-520-475-5390,blandit.nam.nulla@outlook.couk,26
27,Anjolie Gross,1-645-703-8567,ac.mattis@google.ca,27
28,Amery Hodges,1-782-393-2551,nec.ligula@aol.edu,28
29,Jesse Stokes,1-149-453-1863,erat.vitae@aol.couk,29
30,Fulton Morales,1-407-984-4443,libero.dui.nec@icloud.com,30
31,Iola Pope,1-157-686-7851,et.eros@icloud.com,31
32,Shoshana Cummings,1-130-558-5742,eu.sem@icloud.ca,32
33,Fletcher Dyer,1-351-734-8162,nec.tellus.nunc@protonmail.org,33
34,Christian Bender,1-114-299-2824,ac.mattis.semper@yahoo.couk,34
35,Keith Whitfield,1-482-334-4227,sed@yahoo.ca,35
36,Yoshio Sosa,1-565-344-7146,dis.parturient@hotmail.com,36
37,Reece Lewis,1-238-605-4651,non.hendrerit.id@aol.com,37
38,Olympia Garza,1-324-968-0272,vel.nisl@icloud.edu,38
39,Ulysses Ewing,1-467-551-1681,a@yahoo.ca,39
40,Armando Fields,1-536-666-8217,vitae.sodales@aol.net,40
41,Lane Atkins,1-642-134-1347,a.odio@yahoo.com,41
42,Ferris Soto,1-154-766-3055,cras.eget.nisi@protonmail.couk,42
43,Brielle Pate,1-427-753-6302,pede.praesent.eu@protonmail.couk,43
44,Joel Mendez,1-732-572-2955,rutrum@outlook.com,44
45,Nigel Mayo,1-988-231-7158,erat@aol.net,45
46,Hayley Hampton,1-320-396-2457,inceptos@hotmail.net,46
47,Sopoline Roberson,1-123-887-4096,eget@yahoo.couk,47
48,Demetria Fernandez,1-718-377-7684,vivamus.non@icloud.org,48
49,Grace Hatfield,1-474-689-5584,elit.etiam.laoreet@yahoo.couk,49
50,Myra Hunt,1-688-528-2582,libero.at.auctor@yahoo.edu,50
51,Scott Lawson,1-801-131-5977,vehicula.et@aol.com,51
52,Yasir Shepherd,1-298-705-2577,ipsum@outlook.org,52
53,Regina Barry,1-854-344-2152,sed.eget.lacus@protonmail.ca,53
54,Evelyn Fulton,1-332-570-7374,fringilla.purus@outlook.com,54
55,Clinton Davis,1-587-263-8069,id.ante.nunc@protonmail.com,55
56,Allegra Hamilton,1-908-423-8230,adipiscing.enim.mi@hotmail.couk,56
57,Ivy Wright,1-341-260-8402,orci@protonmail.com,57
58,Debra Bates,1-755-526-1337,in.consequat.enim@outlook.edu,58
59,Denton Morse,1-835-851-0440,viverra.donec.tempus@yahoo.com,59
60,Colorado Hodge,1-777-676-6424,quis.arcu@outlook.org,60
61,Lillian Gregory,1-542-665-8073,non@google.couk,61
62,Kyle Mcknight,1-821-745-4315,gravida.praesent@yahoo.net,62
63,Rhona Robertson,1-454-585-8295,nibh.quisque@protonmail.com,63
64,Vernon Sanchez,1-113-611-8877,scelerisque@protonmail.net,64
65,Naomi Stone,1-383-783-8536,non.dapibus.rutrum@outlook.com,65
66,Benjamin Kaufman,1-903-280-3402,at.velit@aol.edu,66
67,Price Boyer,1-134-269-1858,cras.vulputate@protonmail.edu,67
68,Lisandra Rodriquez,1-617-306-2387,sed.turpis.nec@hotmail.com,68
69,Aristotle Monroe,1-801-274-6818,bibendum.ullamcorper@aol.com,69
70,Luke Anthony,1-390-768-5660,luctus.lobortis@hotmail.edu,70
71,Talon Mccray,1-271-864-1157,fusce@yahoo.org,71
72,Silas Carr,1-483-835-9071,odio.tristique@icloud.edu,72
73,Kareem Morin,1-223-355-5642,vitae.orci.phasellus@protonmail.net,73
74,Walter Mercer,1-856-431-0354,massa.mauris.vestibulum@google.com,74
75,Maxwell Lawson,1-759-566-1105,non.lacinia.at@aol.org,75
76,Martin Cooper,1-212-108-1215,ante@google.net,76
77,Ian Brady,1-155-618-1736,sem.eget@protonmail.edu,77
78,Pamela Conrad,1-567-252-1212,velit.dui@aol.couk,78
79,Lawrence Richards,1-265-124-9320,tortor.nibh.sit@icloud.ca,79
80,Leroy Mccall,1-655-412-8771,vitae.sodales@icloud.couk,80
81,Uta Marquez,1-515-954-4723,sed.leo@yahoo.ca,81
82,Uma Freeman,1-759-382-4562,est@outlook.couk,82
83,Victoria Tanner,1-231-611-9445,donec@yahoo.com,83
84,Vera Mendez,1-428-763-2574,ante.maecenas.mi@icloud.net,84
85,Danielle Osborn,1-256-449-5652,nisi.cum@hotmail.com,85
86,Jade Gardner,1-737-151-2664,elit.pretium.et@outlook.com,86
87,Jakeem Pate,1-235-665-8384,odio.a@outlook.ca,87
88,Rowan Conway,1-305-466-3134,mollis.lectus.pede@google.com,88
89,Selma Delacruz,1-267-895-6685,neque@outlook.couk,89
90,Cadman Becker,1-727-249-4434,sodales.nisi@protonmail.com,90
91,Charity Dunn,1-370-249-7357,nulla@outlook.couk,91
92,Shellie Morrow,1-964-255-4187,vestibulum.ante@google.edu,92
93,Leroy Dejesus,1-397-436-7774,morbi.sit@protonmail.org,93
94,Gary Caldwell,1-815-765-3871,malesuada.malesuada.integer@icloud.ca,94
95,Hermione Barr,1-747-666-1911,fermentum.convallis@protonmail.org,95
96,Kessie Conway,1-677-735-5482,amet.lorem@yahoo.edu,96
97,George Erickson,1-782-741-8907,cursus.vestibulum@aol.couk,97
98,Jennifer Baxter,1-886-326-2353,vehicula.risus@aol.net,98
99,Allistair Hatfield,1-480-259-6792,faucibus@aol.com,99
100,Renee Gross,1-844-154-1275,feugiat.sed@protonmail.ca,100
101,Kane Hess,1-832-460-5778,luctus.felis@protonmail.com,101
102,Fitzgerald Oneal,1-221-422-4110,in.at@icloud.ca,102
103,Claudia Holder,1-676-733-2128,nunc.in.at@icloud.couk,103
104,Baxter Serrano,1-218-635-2754,dignissim@protonmail.com,104
105,Branden Waters,1-591-679-7488,risus.odio@protonmail.couk,105
106,Brody Faulkner,1-828-566-6041,vel@icloud.net,106
107,Wanda Frye,1-417-678-1640,duis.at.lacus@hotmail.net,107
108,Marsden Bryant,1-588-453-1308,nulla@yahoo.org,108
109,Lucian Castro,1-764-314-6881,iaculis.aliquet@yahoo.org,109
110,Graham Stone,1-777-676-9887,ipsum.nunc@hotmail.couk,110
111,Rudyard Wagner,1-852-268-1070,nunc.ullamcorper@hotmail.edu,111
112,Amos Gillespie,1-841-425-8682,vitae.dolor.donec@outlook.net,112
113,Noelani Rosa,1-151-513-4171,tristique@icloud.org,113
114,Amy Sherman,1-749-512-4317,quisque@yahoo.edu,114
115,Macaulay Dorsey,1-887-873-3847,augue.sed@google.ca,115
116,Hope Brock,1-664-856-7114,vulputate.risus@protonmail.edu,116
117,Yeo Bowers,1-278-517-5263,fringilla.est@yahoo.net,117
118,Jasper Bentley,1-303-134-5721,blandit.nam@icloud.net,118
119,Hiroko Rivera,1-605-940-1532,ac.facilisis@yahoo.edu,119
120,Josiah Ashley,1-467-149-6559,tristique.pharetra@outlook.net,120
121,Yoko Bean,1-812-876-3813,eros.nec@aol.net,121
122,Aquila Ayala,1-831-853-5686,dapibus.ligula.aliquam@hotmail.edu,122
123,Holmes Burch,1-649-628-8394,donec.feugiat@yahoo.org,123
124,Mollie Byrd,1-576-249-2321,sem.magna.nec@icloud.couk,124
125,Dane Lawrence,1-869-467-6844,rutrum@protonmail.net,125
126,Astra Zimmerman,1-881-412-7513,tellus@icloud.com,126
127,Baxter Leach,1-815-742-6585,magna.a.neque@yahoo.net,127
128,Bradley Dillon,1-277-988-2594,sodales@icloud.org,128
129,TaShya Snider,1-650-815-1675,nec@google.edu,129
130,Tamekah Sanders,1-202-437-5013,erat@icloud.ca,130
131,Sasha Adams,1-932-513-9625,euismod.ac.fermentum@aol.net,131
132,Inez Burch,1-449-470-6382,ut@yahoo.net,132
133,Galvin Hudson,1-864-456-3325,eget.ipsum@hotmail.com,133
134,Azalia Combs,1-436-393-6817,sed.dictum@hotmail.couk,134
135,Aspen Conrad,1-431-571-3425,est.mauris@yahoo.net,135
136,Acton Chandler,1-446-373-2307,dis.parturient@icloud.com,136
137,Brooke Santos,1-856-250-5857,non@outlook.couk,137
138,Lewis Garrett,1-589-493-5301,mattis.integer@icloud.com,138
139,Dana Pitts,1-591-923-8462,fusce.aliquet.magna@outlook.org,139
140,Cooper Smith,1-580-246-4172,est.mollis@yahoo.org,140
141,Nicole Franco,1-679-542-1807,tellus.faucibus@google.couk,141
142,Kevyn Taylor,1-576-655-6195,mollis@protonmail.edu,142
143,Rashad Harrell,1-339-535-0497,aliquet.sem.ut@protonmail.com,143
144,Emily Rollins,1-421-177-4180,eget.laoreet.posuere@yahoo.edu,144
145,Uta Blackwell,1-993-364-6110,nunc.ac.mattis@aol.net,145
146,Hunter Hogan,1-530-273-3321,at.risus@hotmail.ca,146
147,Arsenio Cochran,1-361-355-1508,et.euismod@yahoo.org,147
148,Kasper Newman,1-759-185-1534,neque.sed@protonmail.com,148
149,Clayton Gilmore,1-227-685-5272,convallis@aol.couk,149
150,Macey Morton,1-374-728-7123,integer@protonmail.ca,150
151,Zena Bray,1-228-627-5995,integer.in.magna@aol.couk,151
152,Nathaniel Dotson,1-534-658-2417,urna@icloud.edu,152
153,Luke Kramer,1-815-482-7483,sociis.natoque@protonmail.edu,153
154,Raymond Wong,1-235-269-1504,nunc.lectus@yahoo.org,154
155,Tatum Giles,1-475-275-6135,vulputate.risus.a@google.ca,155
156,Conan Howe,1-329-962-0295,duis@yahoo.ca,156
157,Barbara Kinney,1-278-854-1574,pellentesque.sed@hotmail.couk,157
158,Wallace Christian,1-331-438-1103,sollicitudin.adipiscing.ligula@google.net,158
159,Acton Sullivan,1-545-787-1254,hendrerit.donec@hotmail.couk,159
160,Nehru Doyle,1-128-629-7298,neque.non.quam@hotmail.ca,160
161,Knox Fox,1-342-938-1052,pede.suspendisse.dui@google.com,161
162,Austin Bray,1-650-188-8114,lorem.ipsum@yahoo.edu,162
163,Alyssa Faulkner,1-612-426-1863,amet.dapibus@hotmail.edu,163
164,Zahir Evans,1-811-244-6335,tempor.lorem.eget@aol.couk,164
165,Juliet Nielsen,1-460-249-5828,fames.ac@aol.couk,165
166,Alexander Maxwell,1-621-281-0643,semper.nam@yahoo.couk,166
167,Xavier Mathews,1-566-489-1911,malesuada.fames@google.couk,167
168,Aidan Lang,1-636-639-0516,a@icloud.net,168
169,Derek Watkins,1-511-797-2126,in.lorem@protonmail.net,169
170,TaShya Rich,1-428-696-5931,convallis.convallis@aol.net,170
171,Quinlan York,1-826-628-3028,at.pretium@outlook.edu,171
172,Shelby Ruiz,1-840-683-8275,blandit.nam.nulla@hotmail.couk,172
173,Adrienne Henry,1-552-974-2735,magna.et@google.couk,173
174,Kylynn Richmond,1-388-297-7672,ornare.sagittis.felis@yahoo.ca,174
175,Madonna Burns,1-476-233-8755,sed@google.net,175
176,Kevin Pittman,1-985-704-2758,curabitur.ut@aol.edu,176
177,Adrian Leonard,1-543-345-7468,integer.vitae@aol.org,177
178,Michael Goff,1-169-824-7475,porttitor.tellus.non@aol.edu,178
179,Gareth Velazquez,1-433-220-2773,lacinia.sed@hotmail.couk,179
180,Hu Mcclure,1-156-677-4375,dolor@icloud.org,180
181,Josephine Shaw,1-708-744-9653,tellus.faucibus@aol.com,181
182,Cody Kennedy,1-258-630-1383,dolor.nulla.semper@google.org,182
183,Kyle Gibson,1-661-768-4747,nulla@protonmail.com,183
184,Savannah Whitaker,1-453-213-3800,risus@yahoo.couk,184
185,Deborah Bradford,1-667-431-7702,scelerisque@protonmail.ca,185
186,Zelenia Page,1-898-839-0437,pede@icloud.com,186
187,Ahmed Hess,1-132-701-5158,ridiculus.mus@protonmail.net,187
188,Uta Matthews,1-843-467-6475,et.commodo@aol.net,188
189,Janna Solomon,1-588-364-4512,phasellus.in@google.org,189
190,Uriah Ochoa,1-788-523-3373,eget.laoreet.posuere@aol.couk,190
191,Hannah Nguyen,1-208-847-8218,donec.non@google.net,191
192,Cassady Randolph,1-186-262-5659,adipiscing.elit@yahoo.ca,192
193,Claudia Vance,1-944-834-3688,vitae.semper.egestas@yahoo.edu,193
194,Silas Allison,1-442-443-4841,tristique@hotmail.com,194
195,Rahim Hendrix,1-322-672-8385,a.aliquet@yahoo.edu,195
196,Palmer Mccray,1-206-241-3125,suspendisse.non.leo@outlook.com,196
197,Jerry Moody,1-781-458-5835,sed@hotmail.org,197
198,Aurelia Harris,1-765-313-2343,senectus@yahoo.edu,198
199,Allistair Poole,1-688-214-4773,curabitur@aol.ca,199
200,Clayton Payne,1-563-115-3213,mauris.integer.sem@yahoo.net,200
201,Celeste Garcia,1-396-712-5895,sed.orci@icloud.edu,201
202,Reed Richmond,1-738-275-3365,fermentum.fermentum@google.edu,202
203,Ciara Bradley,1-348-238-2448,duis.mi@icloud.org,203
204,Hadassah Mays,1-486-252-7350,velit.dui@icloud.couk,204
205,Jolene Mcknight,1-604-423-7241,id@yahoo.couk,205
206,Keiko Dickson,1-225-926-8444,tristique.senectus.et@protonmail.ca,206
207,Hollee Malone,1-248-817-8434,pharetra.ut@hotmail.net,207
208,Ima Parsons,1-625-446-1977,diam.eu.dolor@protonmail.ca,208
209,Ivor Sheppard,1-385-331-9271,ut@yahoo.net,209
210,Tyler Thornton,1-623-626-5244,facilisis@aol.edu,210
211,Hamish Key,1-541-303-0282,egestas@icloud.ca,211
212,Meghan Bass,1-214-446-1084,non.quam.pellentesque@outlook.ca,212
213,Whilemina Maynard,1-223-531-3732,lacus.aliquam@icloud.net,213
214,Rosalyn Armstrong,1-648-672-5216,lacus@google.net,214
215,Natalie Coleman,1-962-511-5512,turpis.non@outlook.ca,215
216,Amethyst Juarez,1-750-489-3359,molestie.in.tempus@yahoo.net,216
217,Tad Tyson,1-396-186-5127,egestas@yahoo.couk,217
218,Lana Bray,1-741-105-8721,eu.dui.cum@outlook.couk,218
219,Hamilton Sloan,1-168-637-8964,ornare.in.faucibus@icloud.couk,219
220,Martha Guerrero,1-434-250-1708,sed.consequat.auctor@yahoo.net,220
221,Kathleen Ingram,1-621-480-6440,egestas@aol.edu,221
222,Evangeline Cox,1-419-534-1104,lectus.nullam@outlook.com,222
223,Claire Spence,1-262-767-2178,quam.quis@outlook.edu,223
224,Honorato Christian,1-182-599-8838,neque.non@outlook.edu,224
225,Wayne Shelton,1-462-836-3114,a.facilisis@icloud.com,225
226,Jameson Swanson,1-428-273-9037,velit.pellentesque.ultricies@google.net,226
227,Nolan Robbins,1-708-354-6410,dapibus.rutrum@yahoo.org,227
228,Merritt Frazier,1-126-616-9218,justo@yahoo.com,228
229,Dominic Gutierrez,1-525-217-6659,nulla.dignissim@protonmail.net,229
230,Galvin Daniels,1-917-647-0278,porttitor.scelerisque.neque@protonmail.com,230
231,Norman Anderson,1-678-685-5914,mollis@protonmail.ca,231
232,Rashad Finley,1-212-533-0822,elit.erat@yahoo.org,232
233,George Bradley,1-425-373-3239,mollis.integer@yahoo.ca,233
234,Gwendolyn Conner,1-867-854-1533,cras.dictum@icloud.net,234
235,Renee Bryant,1-843-520-2750,arcu.vestibulum@yahoo.com,235
236,Hedley Nicholson,1-818-262-7520,ut.molestie@aol.ca,236
237,Giselle Wade,1-802-544-4526,euismod.ac@protonmail.org,237
238,Maite Morris,1-718-589-3214,semper.tellus.id@hotmail.com,238
239,Lara Mayo,1-754-764-4854,amet.consectetuer@yahoo.ca,239
240,McKenzie Sellers,1-756-248-8016,aliquam.adipiscing.lobortis@icloud.edu,240
241,May Park,1-415-181-7152,at.augue@google.ca,241
242,Matthew Alvarez,1-248-272-1358,egestas.a.dui@outlook.edu,242
243,Clayton Whitaker,1-282-622-4824,turpis.nulla@google.com,243
244,Jorden Grimes,1-447-447-1548,morbi.tristique@icloud.net,244
245,Yasir Wall,1-473-277-5388,condimentum.donec@google.org,245
246,Rhoda Hess,1-801-763-8218,semper.dui@google.ca,246
247,Shay Chavez,1-235-814-8186,sed.malesuada.augue@hotmail.ca,247
248,Dillon Fitzpatrick,1-467-413-3673,mauris.ut@outlook.org,248
249,Kevyn Melton,1-864-836-2350,tristique@aol.couk,249
250,Dolan Schroeder,1-858-894-4554,sed.diam.lorem@icloud.net,250
251,Adam Brooks,1-591-617-2642,suspendisse@outlook.couk,251
252,Arden Holland,1-887-956-0325,vivamus.nisi.mauris@hotmail.couk,252
253,Connor Harrison,1-956-220-8337,ridiculus@icloud.edu,253
254,Akeem Carr,1-594-545-9111,rhoncus.donec@hotmail.com,254
255,Hamish Cooley,1-859-176-4875,at.sem@yahoo.org,255
256,Craig Rodgers,1-420-614-5559,magna.phasellus.dolor@hotmail.edu,256
257,Isaiah Benton,1-578-332-7533,ut.pellentesque.eget@yahoo.com,257
258,Ina Prince,1-852-886-4981,ut.aliquam@hotmail.edu,258
259,Porter Walsh,1-483-760-9757,a.scelerisque@protonmail.couk,259
260,Grant Mathews,1-264-160-5302,congue.elit@aol.com,260
261,Christen Richards,1-496-103-9134,sed.hendrerit@hotmail.org,261
262,Camden Steele,1-481-495-6033,vitae@outlook.net,262
263,Ahmed Avery,1-522-465-1573,sem.vitae.aliquam@google.net,263
264,Ferdinand Malone,1-835-662-4652,a.auctor@outlook.ca,264
265,Evangeline Hanson,1-672-648-5387,ipsum.primis@google.net,265
266,Inez Travis,1-451-884-7947,arcu.iaculis@aol.org,266
267,Paloma Mcmahon,1-353-795-5777,risus.nulla@protonmail.org,267
268,Cameron Hancock,1-342-424-6684,laoreet.ipsum.curabitur@icloud.net,268
269,Maxine Burke,1-754-656-5806,ullamcorper.eu@yahoo.com,269
270,Aladdin Melendez,1-615-762-8763,ultrices.a@hotmail.couk,270
271,Tara Berg,1-731-422-4388,nunc.sit.amet@outlook.edu,271
272,Gemma Stephenson,1-678-968-0458,feugiat.tellus.lorem@icloud.net,272
273,Cedric Mcdonald,1-276-989-5024,a@icloud.couk,273
274,Tanek Cline,1-351-470-7086,etiam.imperdiet@yahoo.org,274
275,Hoyt Tanner,1-624-217-1337,cursus.vestibulum@protonmail.ca,275
276,Molly Riley,1-381-338-8410,ut.cursus@icloud.couk,276
277,Elliott Townsend,1-848-831-1302,ligula.nullam@outlook.com,277
278,Sheila Henry,1-659-836-5186,dolor.vitae.dolor@yahoo.org,278
279,Robin Hammond,1-246-514-1224,non.hendrerit.id@aol.net,279
280,Channing Gibson,1-584-602-5362,sed@icloud.couk,280
281,Gray Rhodes,1-293-748-5674,erat@hotmail.org,281
282,Benjamin Nunez,1-886-452-5582,cum.sociis@aol.ca,282
283,Colin Burt,1-374-924-4563,ligula@hotmail.net,283
284,Jordan Mitchell,1-807-283-1262,in.aliquet@outlook.edu,284
285,Dillon Valdez,1-675-912-6841,interdum.libero@protonmail.couk,285
286,Kameko Malone,1-140-483-5037,ligula.nullam@outlook.net,286
287,Jessamine Mcintyre,1-372-545-3243,nunc.laoreet.lectus@hotmail.org,287
288,Quemby Hickman,1-582-521-8675,commodo@aol.org,288
289,Yen Hoffman,1-913-434-7965,nulla.integer@google.net,289
290,Ora Peterson,1-342-216-6818,turpis@google.edu,290
291,Justina Ingram,1-268-244-1510,fames@outlook.org,291
292,Mariam Day,1-658-866-5711,neque@yahoo.com,292
293,Harriet Frank,1-627-481-7174,ultrices.posuere@google.net,293
294,Karyn Peters,1-549-632-6472,ullamcorper@outlook.org,294
295,Callie Cross,1-338-672-6529,nascetur.ridiculus@outlook.com,295
296,Holly Gibson,1-231-679-2858,interdum.enim@outlook.com,296
297,Keane Lancaster,1-214-537-0822,sem.molestie@yahoo.com,297
298,Dorian Forbes,1-385-342-2746,neque.venenatis@yahoo.couk,298
299,Quin Mercer,1-915-710-5966,consectetuer@aol.org,299
300,Plato Ward,1-311-587-9853,sodales.purus@aol.net,300
301,Marvin Little,1-362-817-7093,aliquam.fringilla@outlook.couk,301
302,Sade Anderson,1-265-297-4544,sem@yahoo.couk,302
303,Medge Fitzgerald,1-671-801-7598,bibendum.ullamcorper@protonmail.ca,303
304,Carly Haney,1-365-425-9902,nullam@protonmail.net,304
305,Rhona Lancaster,1-835-111-4361,felis.ullamcorper.viverra@aol.org,305
306,Edan Cross,1-969-347-7782,ac.facilisis@hotmail.ca,306
307,Alexis Munoz,1-586-454-7436,auctor.nunc@yahoo.org,307
308,Mariko Davis,1-634-829-5519,facilisis.lorem@outlook.ca,308
309,Sade Green,1-800-502-3444,dolor.sit.amet@outlook.couk,309
310,Caryn Gallagher,1-217-766-1933,ante.maecenas@google.edu,310
311,Gary Valenzuela,1-362-273-6728,ac.turpis@yahoo.couk,311
312,Paki Hodges,1-103-212-6138,vehicula@protonmail.com,312
313,MacKenzie Buckley,1-856-531-1030,cum.sociis@icloud.edu,313
314,Declan Hancock,1-450-644-9529,nisi.dictum@icloud.com,314
315,Vaughan Clay,1-822-812-8912,facilisis.eget@aol.net,315
316,Cecilia Simon,1-719-573-9607,id@icloud.org,316
317,Mark Padilla,1-455-781-7346,velit.eu.sem@protonmail.edu,317
318,Imelda Lynch,1-688-226-4465,orci.luctus@yahoo.org,318
319,Price Langley,1-410-886-6628,nec@google.net,319
320,Tyler Trevino,1-842-713-6383,at@google.edu,320
321,Zeus Brooks,1-227-763-7042,enim@icloud.ca,321
322,Jolene Sherman,1-572-653-4678,ornare.sagittis.felis@yahoo.couk,322
323,Chadwick Stark,1-903-212-0513,ut.sem@outlook.couk,323
324,Warren Bauer,1-543-257-6777,blandit.at.nisi@protonmail.ca,324
325,Lucius Donaldson,1-636-664-2162,torquent.per@protonmail.com,325
326,Keiko Guy,1-354-414-4097,ligula@yahoo.net,326
327,Quynn Santana,1-779-852-5374,augue@protonmail.net,327
328,Yoko Palmer,1-420-509-8414,mauris.nulla.integer@hotmail.couk,328
329,Kitra Ball,1-169-373-0538,euismod.est@protonmail.org,329
330,Lunea Lyons,1-757-520-0867,at@icloud.com,330
331,Keegan Riddle,1-878-140-2654,mi.pede@protonmail.com,331
332,Shafira Murray,1-702-945-2288,vivamus@google.com,332
333,Jason Kramer,1-751-357-3730,ac.turpis.egestas@hotmail.edu,333
334,Hiram Perkins,1-478-489-7886,commodo.tincidunt@icloud.edu,334
335,Herrod Lewis,1-732-226-4728,fringilla.porttitor@yahoo.com,335
336,Cynthia Jackson,1-141-755-4397,sit.amet.consectetuer@protonmail.com,336
337,Chester Sanford,1-827-776-9558,nullam.scelerisque@google.com,337
338,Jordan Phelps,1-411-763-6752,nec.metus@yahoo.com,338
339,Garth Valenzuela,1-577-721-6204,id.magna@hotmail.net,339
340,Lois Arnold,1-241-771-0118,est.tempor@google.edu,340
341,Len Conrad,1-393-274-4477,lorem@google.edu,341
342,Caleb Taylor,1-736-573-1216,tincidunt.congue@hotmail.com,342
343,Bell Norris,1-848-537-7015,euismod.est@protonmail.net,343
344,Dawn Barr,1-653-643-4912,vitae.odio.sagittis@aol.edu,344
345,Brynn Mclean,1-384-265-6961,scelerisque.neque@aol.edu,345
346,Melissa Mendoza,1-362-750-6427,consectetuer.euismod@hotmail.org,346
347,Adena Pollard,1-566-866-4182,ut.erat.sed@google.net,347
348,Kenneth Bush,1-448-497-7108,ornare.elit@icloud.com,348
349,Reece Shaffer,1-673-416-5101,etiam.bibendum.fermentum@protonmail.ca,349
350,Sandra Irwin,1-317-786-4042,lacus.aliquam@protonmail.org,350
351,Laura Kirby,1-327-391-9961,non.nisi.aenean@yahoo.ca,351
352,Iliana Mercado,1-648-653-9359,quis.turpis@google.ca,352
353,Duncan Cox,1-333-155-2361,lorem.donec@hotmail.net,353
354,Brooke Finley,1-754-455-5416,risus.nunc@protonmail.net,354
355,Jessica Marks,1-681-338-9359,vulputate.ullamcorper@protonmail.org,355
356,Quinn Moody,1-852-531-5630,nisl.maecenas@google.ca,356
357,Tana Gay,1-806-755-7811,arcu.curabitur@yahoo.com,357
358,Blossom Bolton,1-653-446-9993,auctor.ullamcorper.nisl@google.com,358
359,Kiona Ray,1-368-132-5503,orci.sem@yahoo.com,359
360,Wallace Wade,1-369-838-6343,turpis@protonmail.couk,360
361,Hasad Reyes,1-364-286-3914,a@hotmail.edu,361
362,Barbara Cotton,1-336-872-5504,iaculis.enim@yahoo.org,362
363,Nyssa Davidson,1-735-415-6734,at.sem@google.ca,363
364,Imogene Morrow,1-218-435-6269,donec.nibh@google.ca,364
365,Bruno Horton,1-758-434-1806,lorem.fringilla@icloud.org,365
366,Indigo Fitzpatrick,1-671-211-2705,mattis.semper.dui@icloud.org,366
367,Riley Bender,1-368-856-5570,enim.sed@google.org,367
368,Cole Chambers,1-262-732-0322,neque.sed@icloud.com,368
369,Magee Richardson,1-748-547-8172,id.blandit.at@aol.net,369
370,Nehru Mack,1-615-966-8634,fermentum.fermentum.arcu@outlook.net,370
371,Silas Garner,1-452-314-0775,non@hotmail.com,371
372,Neville Hull,1-340-691-5125,nec.leo@google.com,372
373,Lucy Cunningham,1-647-560-7446,eleifend@icloud.net,373
374,Hashim O'brien,1-872-787-2117,malesuada.fames.ac@outlook.edu,374
375,Hannah Durham,1-234-243-8288,erat.neque.non@aol.edu,375
376,Ulysses Richmond,1-550-314-8708,sem.egestas@yahoo.couk,376
377,Lynn Alvarez,1-317-476-5968,dignissim.maecenas@yahoo.com,377
378,Brielle Witt,1-950-424-3654,convallis.convallis.dolor@yahoo.ca,378
379,Finn Curry,1-634-284-5176,lorem.semper@protonmail.couk,379
380,Blythe Mills,1-970-663-6226,quisque.porttitor@hotmail.edu,380
381,Melanie Patrick,1-334-374-6332,rhoncus.nullam@icloud.net,381
382,Isadora Smith,1-426-268-9841,ligula.nullam.enim@aol.edu,382
383,Malcolm Parks,1-809-880-5307,dolor.elit@aol.org,383
384,Wynne Carrillo,1-565-685-7173,aliquam.fringilla.cursus@aol.edu,384
385,Nicole Church,1-784-676-1854,dui.lectus@icloud.ca,385
386,Byron Hardin,1-781-829-4971,sollicitudin@google.edu,386
387,Emma Vasquez,1-478-647-4102,orci.ut@aol.net,387
388,Jerry Cox,1-353-734-1619,lectus.convallis@icloud.net,388
389,Madonna Harris,1-796-836-6743,non@outlook.ca,389
390,Unity Jensen,1-293-822-7325,nullam.vitae.diam@yahoo.edu,390
391,Sylvester Ware,1-644-556-4514,integer.tincidunt@outlook.com,391
392,Palmer Vargas,1-760-674-8240,enim@protonmail.net,392
393,Kenneth Andrews,1-663-243-3820,sit.amet@google.ca,393
394,Amery Levine,1-800-841-7812,nibh@aol.ca,394
395,Dale Washington,1-229-661-5751,hendrerit@hotmail.edu,395
396,Colby Camacho,1-286-223-3571,velit.eget@outlook.com,396
397,Ursula Griffith,1-688-584-3014,lectus.sit.amet@google.ca,397
398,Anastasia Torres,1-334-818-0369,facilisis.magna@outlook.edu,398
399,Pamela Stevenson,1-541-441-5854,nunc.pulvinar@icloud.edu,399
400,Camilla Haynes,1-664-212-0546,aliquam.adipiscing@hotmail.org,400
